"Attestation de réussite";"3ème année"
"note 2eme annee";"2eme annee"
"note 1ere annee";"2eme annee"
"note 1ere annee";"2eme annee"
"note 2eme annee";"2eme annee"
"note 3eme annee";"3eme annee"
"note 2eme annee";"3eme annee"
"note 2eme annee";"3eme annee"
"note 2eme annee";"3eme annee"
"note 2eme annee";"3eme annee"
"note 2eme annee";"3eme annee"
"note 2eme annee";"3eme annee"
"note 2eme annee";"3eme annee"
"Attestation de réussite";"3eme annee"
"Attestation de réussite";"3eme annee"
"Certificat de scolarite";"3eme annee"
"note 1ere annee";"3eme annee"
"note 2eme annee";"3eme annee"
"Attestation de réussite";"3eme annee"
"Certificat de scolarite";"3eme annee"
"note 1ere annee";"3eme annee"
"note 2eme annee";"3eme annee"
"note 3eme annee";"3eme annee"
"Attestation de réussite";"3eme annee"
"Certificat de scolarite";"3eme annee"
"note 1ere annee";"3eme annee"
"note 2eme annee";"3eme annee"
"note 1ere annee";"3eme annee"
"note 3eme annee";"3eme annee"
"note 1ere annee";"3eme annee"
"note 1ere annee";"3eme annee"
"Attestation de réussite";"3eme annee"
"note 1ere annee";"3eme annee"
"note 2eme annee";"3eme annee"
"note 1ere annee";"3eme annee"
"note 2eme annee";"3eme annee"
"note 3eme annee";"3eme annee"
"note 1ere annee";"3eme annee"
"note 2eme annee";"3eme annee"
"Attestation de réussite";"3eme annee"
"note 1ere annee";"3eme annee"
"note 1ere annee";"3eme annee"
"note 2eme annee";"3eme annee"
"note 1ere annee";"3eme annee"
"note 2eme annee";"3eme annee"
"note 3eme annee";"3eme annee"
"note 1ere annee";"3eme annee"
"note 2eme annee";"3eme annee"
"note 3eme annee";"3eme annee"
"Attestation de réussite";"3eme annee"
"note 1ere annee";"3eme annee"
"Attestation de réussite";"3eme annee"
"Certificat de scolarite";"3eme annee"
"Attestation de réussite";"3eme annee"
"note 2eme annee";"3eme annee"
"note 1ere annee";"3eme annee"
"Attestation de réussite";"3eme annee"
"Attestation de réussite";"3eme annee"
"Attestation de réussite";"1ere annee"
"Certificat de scolarite";"1ere annee"
"Relevés de notes de 1ère année";"1ere annee"
"note 1ere annee";"2eme annee"
"Attestation de réussite";"2ère année"
"Attestation de réussite";"2ère année"
"Attestation de réussite";"2ère année"
"Attestation de réussite";"2ère année"
"Certificat de scolarite";"2ère année"
"Attestation de réussite";"2ère année"
"Attestation de réussite";"2ère année"
"Attestation de réussite";"2ère année"
"Certificat de scolarite";"2ère année"
"Certificat de scolarite";"2ère année"
"Certificat de scolarite";"2ère année"
"note 1ere annee";"2ère année"
"Attestation de réussite";"2ère année"
"Attestation de réussite";"2ère année"
"Attestation de réussite";"2ère année"
"Certificat de scolarite";"2ère année"
"note 1ere annee";"2ère année"
"note 1ere annee";"2ère année"
"note 1ere annee";"2ère année"
"Attestation de réussite";"3eme annee"
"Attestation de réussite";"3eme annee"
"Attestation de réussite";"3eme annee"
"Attestation de réussite";"3eme annee"
"Attestation de réussite";"3eme annee"
"Attestation de réussite";"3eme annee"
"Attestation de réussite";"3eme annee"
"Attestation de réussite";"3eme annee"
"Certificat de scolarite";"3eme annee"
"Certificat de scolarite";"3eme annee"
"Certificat de scolarite";"3eme annee"
"note 1ere annee";"3eme annee"
"note 2eme annee";"3eme annee"
"note 3eme annee";"3eme annee"
"note 1ere annee";"3eme annee"
"note 1ere annee";"3eme annee"
"note 1ere annee";"3eme annee"
"note 1ere annee";"3eme annee"
"note 1ere annee";"3eme annee"
"note 1ere annee";"3eme annee"
"note 1ere annee";"3eme annee"
"note 1ere annee";"3eme annee"
"note 1ere annee";"3eme annee"
"note 1ere annee";"3eme annee"
"note 1ere annee";"3eme annee"
"note 1ere annee";"3eme annee"
"Attestation de réussite";"3eme annee"
"Attestation de réussite";"3eme annee"
"Certificat de scolarite";"3eme annee"
"note 3eme annee";"3eme annee"
"note 2eme annee";"3eme annee"
"Attestation de réussite";"3eme annee"
